"customer_key","income","age_group","marital_status","avg_income_by_age_group_marital_status"
"101915","79244","20s","Absurd","79244.00"
"100152","34176","20s","Alone","34176.00"
"101567","61787","20s","Divorced","42128.67"
"100083","81361","20s","Divorced","42128.67"
"100030","10979","20s","Divorced","42128.67"
"100866","21846","20s","Divorced","42128.67"
"100334","41411","20s","Divorced","42128.67"
"100290","35388","20s","Divorced","42128.67"
"101349","92533","20s","Married","42908.34"
"100507","42691","20s","Married","42908.34"
"101739","31158","20s","Married","42908.34"
"100831","7500","20s","Married","42908.34"
"100041","20559","20s","Married","42908.34"
"100007","33454","20s","Married","42908.34"
"100493","34935","20s","Married","42908.34"
"100828","85710","20s","Married","42908.34"
"100179","16248","20s","Married","42908.34"
"100489","64355","20s","Married","42908.34"
"100415","92910","20s","Married","42908.34"
"100510","32880","20s","Married","42908.34"
"100509","25545","20s","Married","42908.34"
"101277","18929","20s","Married","42908.34"
"100826","55357","20s","Married","42908.34"
"100685","25252","20s","Married","42908.34"
"100488","24279","20s","Married","42908.34"
"101448","30390","20s","Married","42908.34"
"101055","38508","20s","Married","42908.34"
"101238","23148","20s","Married","42908.34"
"101460","24645","20s","Married","42908.34"
"100014","17323","20s","Married","42908.34"
"101821","23477","20s","Married","42908.34"
"101943","82333","20s","Married","42908.34"
"100429","28691","20s","Married","42908.34"
"101437","23331","20s","Married","42908.34"
"101697","30093","20s","Married","42908.34"
"100373","19986","20s","Married","42908.34"
"100711","17487","20s","Married","42908.34"
"101462","44322","20s","Married","42908.34"
"101090","37155","20s","Married","42908.34"
"100239","73687","20s","Married","42908.34"
"100655","36145","20s","Married","42908.34"
"100306","51381","20s","Married","42908.34"
"101820","51373","20s","Married","42908.34"
"101119","74214","20s","Married","42908.34"
"100344","71952","20s","Married","42908.34"
"100211","70951","20s","Married","42908.34"
"101585","83512","20s","Married","42908.34"
"101631","21955","20s","Married","42908.34"
"101169","22518","20s","Married","42908.34"
"100244","67546","20s","Married","42908.34"
"101292","17256","20s","Married","42908.34"
"101150","18351","20s","Married","42908.34"
"100420","42387","20s","Married","42908.34"
"100428","7500","20s","Married","42908.34"
"100876","45921","20s","Married","42908.34"
"100416","75433","20s","Married","42908.34"
"101747","73395","20s","Married","42908.34"
"101480","75794","20s","Married","42908.34"
"101419","79529","20s","Married","42908.34"
"100734","78285","20s","Married","42908.34"
"100121","19510","20s","Married","42908.34"
"101250","59060","20s","Married","42908.34"
"101408","68487","20s","Married","42908.34"
"101403","35765","20s","Married","42908.34"
"100898","25443","20s","Married","42908.34"
"100757","20425","20s","Married","42908.34"
"101568","18169","20s","Married","42908.34"
"100190","38872","20s","Married","42908.34"
"100909","51563","20s","Married","42908.34"
"101468","27161","20s","Married","42908.34"
"100028","38360","20s","Married","42908.34"
"100934","84219","20s","Married","42908.34"
"101570","18222","20s","Married","42908.34"
"101305","21355","20s","Married","42908.34"
"100936","15716","20s","Married","42908.34"
"101908","87000","20s","Married","42908.34"
"101377","28072","20s","Married","42908.34"
"100530","24683","20s","Married","42908.34"
"101550","80141","20s","Married","42908.34"
"101336","34412","20s","Single","46410.61"
"101389","41020","20s","Single","46410.61"
"100999","8028","20s","Single","46410.61"
"101870","49767","20s","Single","46410.61"
"101126","90638","20s","Single","46410.61"
"101050","80910","20s","Single","46410.61"
"101132","22327","20s","Single","46410.61"
"100896","46107","20s","Single","46410.61"
"101978","91172","20s","Single","46410.61"
"102009","16185","20s","Single","46410.61"
"100506","73454","20s","Single","46410.61"
"100323","29999","20s","Single","46410.61"
"100985","15038","20s","Single","46410.61"
"100325","33996","20s","Single","46410.61"
"101162","8940","20s","Single","46410.61"
"100502","26095","20s","Single","46410.61"
"100333","68655","20s","Single","46410.61"
"101495","51250","20s","Single","46410.61"
"101596","90273","20s","Single","46410.61"
"100139","92859","20s","Single","46410.61"
"100680","90247","20s","Single","46410.61"
"100027","51381","20s","Single","46410.61"
"100645","21063","20s","Single","46410.61"
"100080","29760","20s","Single","46410.61"
"100247","29938","20s","Single","46410.61"
"100861","26868","20s","Single","46410.61"
"100816","61618","20s","Single","46410.61"
"100536","21474","20s","Single","46410.61"
"101022","83528","20s","Single","46410.61"
"101796","96843","20s","Single","46410.61"
"100403","46923","20s","Single","46410.61"
"102034","26816","20s","Single","46410.61"
"100389","23442","20s","Single","46410.61"
"100812","34176","20s","Single","46410.61"
"101732","30298","20s","Single","46410.61"
"100492","81217","20s","Single","46410.61"
"100167","66951","20s","Single","46410.61"
"100383","74293","20s","Single","46410.61"
"100274","69867","20s","Single","46410.61"
"101079","16581","20s","Single","46410.61"
"101682","29236","20s","Single","46410.61"
"100836","19485","20s","Single","46410.61"
"100955","64449","20s","Single","46410.61"
"101439","9255","20s","Single","46410.61"
"101018","42000","20s","Single","46410.61"
"101438","23331","20s","Single","46410.61"
"100019","33812","20s","Single","46410.61"
"100110","68126","20s","Single","46410.61"
"100881","95529","20s","Single","46410.61"
"101085","72903","20s","Single","46410.61"
"100112","86037","20s","Single","46410.61"
"100961","95169","20s","Single","46410.61"
"101577","18358","20s","Single","46410.61"
"101282","70515","20s","Single","46410.61"
"101548","37929","20s","Single","46410.61"
"101499","64509","20s","Single","46410.61"
"100887","72354","20s","Single","46410.61"
"100461","20518","20s","Single","46410.61"
"101699","25008","20s","Single","46410.61"
"100908","14906","20s","Single","46410.61"
"101432","74004","20s","Single","46410.61"
"100297","39747","20s","Single","46410.61"
"100369","30279","20s","Single","46410.61"
"101187","7500","20s","Single","46410.61"
"101976","15253","20s","Single","46410.61"
"101503","57100","20s","Single","46410.61"
"101098","26576","20s","Single","46410.61"
"101545","41473","20s","Single","46410.61"
"101011","70596","20s","Single","46410.61"
"100801","48789","20s","Single","46410.61"
"101589","18746","20s","Single","46410.61"
"101723","23830","20s","Single","46410.61"
"100589","21888","20s","Single","46410.61"
"101843","39146","20s","Single","46410.61"
"100057","27938","20s","Single","46410.61"
"100311","66503","20s","Single","46410.61"
"100203","29604","20s","Together","50442.58"
"100417","10404","20s","Together","50442.58"
"100407","80134","20s","Together","50442.58"
"100386","68682","20s","Together","50442.58"
"101443","31928","20s","Together","50442.58"
"100291","42386","20s","Together","50442.58"
"100739","67430","20s","Together","50442.58"
"100303","42670","20s","Together","50442.58"
"101111","80685","20s","Together","50442.58"
"101173","38197","20s","Together","50442.58"
"100703","89891","20s","Together","50442.58"
"100631","29103","20s","Together","50442.58"
"101709","54006","20s","Together","50442.58"
"101482","13724","20s","Together","50442.58"
"101859","7500","20s","Together","50442.58"
"102023","40101","20s","Together","50442.58"
"100878","75114","20s","Together","50442.58"
"100890","83033","20s","Together","50442.58"
"101552","20193","20s","Together","50442.58"
"101401","87679","20s","Together","50442.58"
"100665","77845","20s","Together","50442.58"
"100143","41883","20s","Together","50442.58"
"100963","22434","20s","Together","50442.58"
"101353","20491","20s","Together","50442.58"
"101666","63207","20s","Together","50442.58"
"100189","66973","20s","Together","50442.58"
"101751","33235","20s","Together","50442.58"
"101001","34728","20s","Together","50442.58"
"101679","78394","20s","Together","50442.58"
"100832","38683","20s","Together","50442.58"
"101283","18227","20s","Together","50442.58"
"101015","67605","20s","Together","50442.58"
"100217","45204","20s","Together","50442.58"
"101738","88420","20s","Together","50442.58"
"100226","34320","20s","Together","50442.58"
"100786","91820","20s","Together","50442.58"
"100906","82025","30s","Divorced","53184.43"
"101628","13533","30s","Divorced","53184.43"
"100903","60554","30s","Divorced","53184.43"
"100477","46310","30s","Divorced","53184.43"
"101405","32952","30s","Divorced","53184.43"
"101053","83829","30s","Divorced","53184.43"
"100122","30992","30s","Divorced","53184.43"
"100807","81702","30s","Divorced","53184.43"
"100199","63693","30s","Divorced","53184.43"
"101459","70179","30s","Divorced","53184.43"
"101295","59601","30s","Divorced","53184.43"
"100610","34487","30s","Divorced","53184.43"
"101563","78789","30s","Divorced","53184.43"
"100256","15287","30s","Divorced","53184.43"
"101711","11448","30s","Divorced","53184.43"
"100851","36627","30s","Divorced","53184.43"
"100320","14849","30s","Divorced","53184.43"
"101174","41986","30s","Divorced","53184.43"
"101457","31859","30s","Divorced","53184.43"
"100053","82582","30s","Divorced","53184.43"
"101125","28510","30s","Divorced","53184.43"
"100359","31615","30s","Divorced","53184.43"
"100304","12571","30s","Divorced","53184.43"
"101727","70300","30s","Divorced","53184.43"
"101091","21282","30s","Divorced","53184.43"
"100075","40246","30s","Divorced","53184.43"
"101543","64892","30s","Divorced","53184.43"
"100800","55412","30s","Divorced","53184.43"
"100635","153924","30s","Divorced","53184.43"
"101200","90687","30s","Divorced","53184.43"
"101216","71847","30s","Divorced","53184.43"
"100679","71022","30s","Divorced","53184.43"
"100662","66476","30s","Divorced","53184.43"
"100162","74165","30s","Divorced","53184.43"
"100701","75012","30s","Divorced","53184.43"
"100945","33462","30s","Divorced","53184.43"
"100761","40780","30s","Divorced","53184.43"
"100913","67893","30s","Divorced","53184.43"
"100482","55563","30s","Divorced","53184.43"
"100911","68274","30s","Divorced","53184.43"
"102037","56981","30s","Divorced","53184.43"
"100135","9548","30s","Divorced","53184.43"
"100791","25804","30s","Married","47155.55"
"101560","23536","30s","Married","47155.55"
"100788","30772","30s","Married","47155.55"
"100782","26872","30s","Married","47155.55"
"101829","79205","30s","Married","47155.55"
"100777","49681","30s","Married","47155.55"
"101828","96547","30s","Married","47155.55"
"100719","17003","30s","Married","47155.55"
"101809","40794","30s","Married","47155.55"
"100765","51267","30s","Married","47155.55"
"101813","36781","30s","Married","47155.55"
"100760","43783","30s","Married","47155.55"
"101815","24570","30s","Married","47155.55"
"100730","40662","30s","Married","47155.55"
"100732","35523","30s","Married","47155.55"
"101819","57113","30s","Married","47155.55"
"100738","74985","30s","Married","47155.55"
"100742","72063","30s","Married","47155.55"
"101479","34968","30s","Married","47155.55"
"101595","92491","30s","Married","47155.55"
"101594","17688","30s","Married","47155.55"
"101573","86580","30s","Married","47155.55"
"101593","55424","30s","Married","47155.55"
"101576","61064","30s","Married","47155.55"
"101580","38175","30s","Married","47155.55"
"101583","64813","30s","Married","47155.55"
"102008","37085","30s","Married","47155.55"
"101591","22108","30s","Married","47155.55"
"101630","72117","30s","Married","47155.55"
"100073","60631","30s","Married","47155.55"
"101451","37284","30s","Married","47155.55"
"101634","47808","30s","Married","47155.55"
"101445","65819","30s","Married","47155.55"
"101436","69283","30s","Married","47155.55"
"101638","28973","30s","Married","47155.55"
"101434","57036","30s","Married","47155.55"
"100094","30096","30s","Married","47155.55"
"101640","65370","30s","Married","47155.55"
"100098","50150","30s","Married","47155.55"
"100004","58293","30s","Married","47155.55"
"101429","58597","30s","Married","47155.55"
"100113","43974","30s","Married","47155.55"
"100116","36550","30s","Married","47155.55"
"102011","73807","30s","Married","47155.55"
"101410","42014","30s","Married","47155.55"
"101392","19107","30s","Married","47155.55"
"101383","34380","30s","Married","47155.55"
"100144","59809","30s","Married","47155.55"
"100145","23957","30s","Married","47155.55"
"101352","31086","30s","Married","47155.55"
"100161","23228","30s","Married","47155.55"
"101333","69389","30s","Married","47155.55"
"100170","28718","30s","Married","47155.55"
"100174","80427","30s","Married","47155.55"
"101986","79174","30s","Married","47155.55"
"100178","51650","30s","Married","47155.55"
"100181","30477","30s","Married","47155.55"
"100183","25271","30s","Married","47155.55"
"100186","74068","30s","Married","47155.55"
"100192","31353","30s","Married","47155.55"
"100193","69661","30s","Married","47155.55"
"101979","90000","30s","Married","47155.55"
"101287","38136","30s","Married","47155.55"
"101285","69109","30s","Married","47155.55"
"100212","41443","30s","Married","47155.55"
"100220","30732","30s","Married","47155.55"
"101276","43263","30s","Married","47155.55"
"101272","35876","30s","Married","47155.55"
"100232","22212","30s","Married","47155.55"
"100010","51381","30s","Married","47155.55"
"101270","51948","30s","Married","47155.55"
"101269","88097","30s","Married","47155.55"
"101265","27244","30s","Married","47155.55"
"101262","45503","30s","Married","47155.55"
"101261","24711","30s","Married","47155.55"
"101531","22448","30s","Married","47155.55"
"100054","66373","30s","Married","47155.55"
"101967","32146","30s","Married","47155.55"
"100011","7500","30s","Married","47155.55"
"101244","65169","30s","Married","47155.55"
"100259","37717","30s","Married","47155.55"
"101966","17148","30s","Married","47155.55"
"101240","71626","30s","Married","47155.55"
"101695","86836","30s","Married","47155.55"
"100276","24480","30s","Married","47155.55"
"100278","44319","30s","Married","47155.55"
"101217","46149","30s","Married","47155.55"
"101214","37368","30s","Married","47155.55"
"102013","61014","30s","Married","47155.55"
"100286","82497","30s","Married","47155.55"
"101198","39356","30s","Married","47155.55"
"101197","74190","30s","Married","47155.55"
"101190","65106","30s","Married","47155.55"
"100296","46377","30s","Married","47155.55"
"101702","72159","30s","Married","47155.55"
"101170","54730","30s","Married","47155.55"
"100321","27255","30s","Married","47155.55"
"101165","40211","30s","Married","47155.55"
"101501","55434","30s","Married","47155.55"
"101145","54809","30s","Married","47155.55"
"100342","33181","30s","Married","47155.55"
"101124","54386","30s","Married","47155.55"
"101948","16005","30s","Married","47155.55"
"101105","46049","30s","Married","47155.55"
"100355","28442","30s","Married","47155.55"
"101101","7500","30s","Married","47155.55"
"100362","35684","30s","Married","47155.55"
"100363","48178","30s","Married","47155.55"
"101728","70643","30s","Married","47155.55"
"100044","7500","30s","Married","47155.55"
"101083","42693","30s","Married","47155.55"
"101940","43586","30s","Married","47155.55"
"101072","31605","30s","Married","47155.55"
"101070","47025","30s","Married","47155.55"
"101068","36262","30s","Married","47155.55"
"101067","33569","30s","Married","47155.55"
"100401","53858","30s","Married","47155.55"
"101934","27733","30s","Married","47155.55"
"101054","54210","30s","Married","47155.55"
"101052","56775","30s","Married","47155.55"
"100016","41850","30s","Married","47155.55"
"102021","5305","30s","Married","47155.55"
"101040","54233","30s","Married","47155.55"
"101034","41014","30s","Married","47155.55"
"101031","87171","30s","Married","47155.55"
"100436","24027","30s","Married","47155.55"
"101922","14796","30s","Married","47155.55"
"101737","42081","30s","Married","47155.55"
"100441","70829","30s","Married","47155.55"
"100442","65991","30s","Married","47155.55"
"100445","42207","30s","Married","47155.55"
"101921","53204","30s","Married","47155.55"
"101025","67023","30s","Married","47155.55"
"101920","76068","30s","Married","47155.55"
"101919","81929","30s","Married","47155.55"
"100451","33183","30s","Married","47155.55"
"100457","61456","30s","Married","47155.55"
"100458","37406","30s","Married","47155.55"
"100460","38415","30s","Married","47155.55"
"100464","55842","30s","Married","47155.55"
"101010","27100","30s","Married","47155.55"
"100466","41124","30s","Married","47155.55"
"101498","12393","30s","Married","47155.55"
"100470","43057","30s","Married","47155.55"
"100991","31056","30s","Married","47155.55"
"100982","17345","30s","Married","47155.55"
"101753","31535","30s","Married","47155.55"
"100491","65665","30s","Married","47155.55"
"101900","27889","30s","Married","47155.55"
"101898","69520","30s","Married","47155.55"
"101894","31761","30s","Married","47155.55"
"100512","50353","30s","Married","47155.55"
"100020","37040","30s","Married","47155.55"
"100962","56337","30s","Married","47155.55"
"100528","84169","30s","Married","47155.55"
"100532","47850","30s","Married","47155.55"
"101765","22701","30s","Married","47155.55"
"100021","2447","30s","Married","47155.55"
"100948","82170","30s","Married","47155.55"
"101494","71855","30s","Married","47155.55"
"100542","79908","30s","Married","47155.55"
"101771","21059","30s","Married","47155.55"
"100545","33039","30s","Married","47155.55"
"100928","50183","30s","Married","47155.55"
"100927","40233","30s","Married","47155.55"
"100040","80011","30s","Married","47155.55"
"100919","16927","30s","Married","47155.55"
"100559","36959","30s","Married","47155.55"
"100560","61996","30s","Married","47155.55"
"100910","57937","30s","Married","47155.55"
"101779","73356","30s","Married","47155.55"
"101873","45057","30s","Married","47155.55"
"101872","29009","30s","Married","47155.55"
"100575","92163","30s","Married","47155.55"
"101782","72570","30s","Married","47155.55"
"100582","26224","30s","Married","47155.55"
"102028","63777","30s","Married","47155.55"
"100894","68397","30s","Married","47155.55"
"100591","30801","30s","Married","47155.55"
"100892","77583","30s","Married","47155.55"
"101783","34529","30s","Married","47155.55"
"101785","63211","30s","Married","47155.55"
"101789","56939","30s","Married","47155.55"
"101868","38680","30s","Married","47155.55"
"100607","13624","30s","Married","47155.55"
"101866","75330","30s","Married","47155.55"
"101864","40059","30s","Married","47155.55"
"101862","17649","30s","Married","47155.55"
"100860","76630","30s","Married","47155.55"
"100026","53359","30s","Married","47155.55"
"101799","44359","30s","Married","47155.55"
"101553","27573","30s","Married","47155.55"
"100628","78710","30s","Married","47155.55"
"101856","32765","30s","Married","47155.55"
"100852","51111","30s","Married","47155.55"
"100850","35797","30s","Married","47155.55"
"101852","43815","30s","Married","47155.55"
"100846","39922","30s","Married","47155.55"
"100641","25965","30s","Married","47155.55"
"100037","23718","30s","Married","47155.55"
"100651","77353","30s","Married","47155.55"
"100664","160803","30s","Married","47155.55"
"100819","15072","30s","Married","47155.55"
"102024","58025","30s","Married","47155.55"
"101847","36790","30s","Married","47155.55"
"101845","34445","30s","Married","47155.55"
"100813","19419","30s","Married","47155.55"
"101555","49544","30s","Married","47155.55"
"100678","71427","30s","Married","47155.55"
"101556","33228","30s","Married","47155.55"
"100690","76618","30s","Married","47155.55"
"101487","36663","30s","Married","47155.55"
"101837","30368","30s","Married","47155.55"
"100697","18988","30s","Married","47155.55"
"100699","7500","30s","Married","47155.55"
"102000","89616","30s","Single","47965.16"
"101485","36108","30s","Single","47965.16"
"100792","76412","30s","Single","47965.16"
"100857","68092","30s","Single","47965.16"
"101746","22148","30s","Single","47965.16"
"100213","52195","30s","Single","47965.16"
"101641","20194","30s","Single","47965.16"
"100202","18890","30s","Single","47965.16"
"100808","45889","30s","Single","47965.16"
"101980","41967","30s","Single","47965.16"
"101297","47025","30s","Single","47965.16"
"100992","28071","30s","Single","47965.16"
"101300","57338","30s","Single","47965.16"
"100058","51381","30s","Single","47965.16"
"101910","30828","30s","Single","47965.16"
"101304","56243","30s","Single","47965.16"
"100984","28647","30s","Single","47965.16"
"101814","31385","30s","Single","47965.16"
"100977","20180","30s","Single","47965.16"
"100970","30168","30s","Single","47965.16"
"101319","41658","30s","Single","47965.16"
"100060","75777","30s","Single","47965.16"
"100496","60152","30s","Single","47965.16"
"100500","81169","30s","Single","47965.16"
"101758","36038","30s","Single","47965.16"
"101598","38513","30s","Single","47965.16"
"101337","57537","30s","Single","47965.16"
"100687","33249","30s","Single","47965.16"
"100156","60199","30s","Single","47965.16"
"100519","28567","30s","Single","47965.16"
"101889","51381","30s","Single","47965.16"
"100524","22944","30s","Single","47965.16"
"101760","31878","30s","Single","47965.16"
"100527","42710","30s","Single","47965.16"
"100842","42395","30s","Single","47965.16"
"101654","36273","30s","Single","47965.16"
"101633","36802","30s","Single","47965.16"
"101993","26487","30s","Single","47965.16"
"100950","79689","30s","Single","47965.16"
"100541","54880","30s","Single","47965.16"
"101881","55801","30s","Single","47965.16"
"100546","81741","30s","Single","47965.16"
"100077","75825","30s","Single","47965.16"
"100833","49514","30s","Single","47965.16"
"100553","47691","30s","Single","47965.16"
"100654","70337","30s","Single","47965.16"
"100557","38593","30s","Single","47965.16"
"100656","65295","30s","Single","47965.16"
"101528","58684","30s","Single","47965.16"
"101554","15862","30s","Single","47965.16"
"101781","23763","30s","Single","47965.16"
"101472","60482","30s","Single","47965.16"
"100574","39684","30s","Single","47965.16"
"101622","16014","30s","Single","47965.16"
"101394","70379","30s","Single","47965.16"
"100125","79607","30s","Single","47965.16"
"101620","31859","30s","Single","47965.16"
"101808","39062","30s","Single","47965.16"
"101569","24336","30s","Single","47965.16"
"100123","101970","30s","Single","47965.16"
"101158","42160","30s","Single","47965.16"
"100324","24072","30s","Single","47965.16"
"100824","60474","30s","Single","47965.16"
"101715","34738","30s","Single","47965.16"
"101599","16653","30s","Single","47965.16"
"101540","72066","30s","Single","47965.16"
"101536","35544","30s","Single","47965.16"
"100893","74116","30s","Single","47965.16"
"100347","60000","30s","Single","47965.16"
"100348","38643","30s","Single","47965.16"
"100784","73170","30s","Single","47965.16"
"101946","72309","30s","Single","47965.16"
"101704","82733","30s","Single","47965.16"
"100045","79941","30s","Single","47965.16"
"100307","70893","30s","Single","47965.16"
"101181","25707","30s","Single","47965.16"
"100361","52614","30s","Single","47965.16"
"101642","42473","30s","Single","47965.16"
"100367","46098","30s","Single","47965.16"
"101832","67506","30s","Single","47965.16"
"100292","68627","30s","Single","47965.16"
"100375","36143","30s","Single","47965.16"
"101230","42997","30s","Single","47965.16"
"100052","35790","30s","Single","47965.16"
"101074","48526","30s","Single","47965.16"
"100267","31788","30s","Single","47965.16"
"100735","31626","30s","Single","47965.16"
"101065","16269","30s","Single","47965.16"
"100067","88194","30s","Single","47965.16"
"101063","81698","30s","Single","47965.16"
"100400","23616","30s","Single","47965.16"
"100605","36975","30s","Single","47965.16"
"101733","52413","30s","Single","47965.16"
"101500","33955","30s","Single","47965.16"
"100408","91065","30s","Single","47965.16"
"101236","7500","30s","Single","47965.16"
"101818","53201","30s","Single","47965.16"
"100608","84196","30s","Single","47965.16"
"100246","31160","30s","Single","47965.16"
"101258","37774","30s","Single","47965.16"
"101048","61825","30s","Single","47965.16"
"101263","6560","30s","Single","47965.16"
"100611","28769","30s","Single","47965.16"
"101421","51766","30s","Single","47965.16"
"101274","39660","30s","Single","47965.16"
"100107","38557","30s","Single","47965.16"
"101425","87188","30s","Single","47965.16"
"102032","11012","30s","Single","47965.16"
"100872","85072","30s","Single","47965.16"
"101427","37697","30s","Single","47965.16"
"101278","24367","30s","Single","47965.16"
"100809","56628","30s","Single","47965.16"
"100273","77882","30s","Together","52331.51"
"100914","27922","30s","Together","52331.51"
"100140","65104","30s","Together","52331.51"
"100912","39771","30s","Together","52331.51"
"101939","25176","30s","Together","52331.51"
"101051","27590","30s","Together","52331.51"
"100918","46106","30s","Together","52331.51"
"100382","62499","30s","Together","52331.51"
"100915","52190","30s","Together","52331.51"
"101629","59481","30s","Together","52331.51"
"101391","19414","30s","Together","52331.51"
"100568","39453","30s","Together","52331.51"
"101393","75484","30s","Together","52331.51"
"100659","41039","30s","Together","52331.51"
"100799","16529","30s","Together","52331.51"
"101470","45203","30s","Together","52331.51"
"100753","36283","30s","Together","52331.51"
"100388","15345","30s","Together","52331.51"
"100268","61905","30s","Together","52331.51"
"100390","14515","30s","Together","52331.51"
"100577","33178","30s","Together","52331.51"
"101402","57867","30s","Together","52331.51"
"100579","17459","30s","Together","52331.51"
"101844","96876","30s","Together","52331.51"
"101791","72335","30s","Together","52331.51"
"101420","20981","30s","Together","52331.51"
"100583","31089","30s","Together","52331.51"
"102030","51381","30s","Together","52331.51"
"101409","53253","30s","Together","52331.51"
"101938","37509","30s","Together","52331.51"
"101969","34176","30s","Together","52331.51"
"101863","55914","30s","Together","52331.51"
"100328","22010","30s","Together","52331.51"
"101707","21024","30s","Together","52331.51"
"100109","77298","30s","Together","52331.51"
"101929","44953","30s","Together","52331.51"
"100447","66664","30s","Together","52331.51"
"101686","41580","30s","Together","52331.51"
"100101","85693","30s","Together","52331.51"
"100222","42011","30s","Together","52331.51"
"101917","80144","30s","Together","52331.51"
"101280","62061","30s","Together","52331.51"
"101681","22669","30s","Together","52331.51"
"100216","69508","30s","Together","52331.51"
"102018","88325","30s","Together","52331.51"
"100727","63855","30s","Together","52331.51"
"100459","56937","30s","Together","52331.51"
"100726","75507","30s","Together","52331.51"
"101973","62994","30s","Together","52331.51"
"101043","43776","30s","Together","52331.51"
"101502","28359","30s","Together","52331.51"
"101806","85738","30s","Together","52331.51"
"101557","70440","30s","Together","52331.51"
"101415","46772","30s","Together","52331.51"
"101175","28427","30s","Together","52331.51"
"101521","30560","30s","Together","52331.51"
"101005","35196","30s","Together","52331.51"
"100233","23661","30s","Together","52331.51"
"101914","71322","30s","Together","52331.51"
"100200","102160","30s","Together","52331.51"
"101233","34043","30s","Together","52331.51"
"101717","82326","30s","Together","52331.51"
"101271","71853","30s","Together","52331.51"
"101794","29478","30s","Together","52331.51"
"101513","36301","30s","Together","52331.51"
"101525","75774","30s","Together","52331.51"
"101121","23724","30s","Together","52331.51"
"101176","37395","30s","Together","52331.51"
"100188","24882","30s","Together","52331.51"
"100406","19789","30s","Together","52331.51"
"101690","32313","30s","Together","52331.51"
"100104","24594","30s","Together","52331.51"
"101676","52513","30s","Together","52331.51"
"100003","26646","30s","Together","52331.51"
"100692","25851","30s","Together","52331.51"
"101315","44964","30s","Together","52331.51"
"101983","60934","30s","Together","52331.51"
"100891","24401","30s","Together","52331.51"
"100848","17117","30s","Together","52331.51"
"101038","40479","30s","Together","52331.51"
"101869","61416","30s","Together","52331.51"
"100969","49187","30s","Together","52331.51"
"100495","39665","30s","Together","52331.51"
"101242","50200","30s","Together","52331.51"
"100968","77568","30s","Together","52331.51"
"100716","38702","30s","Together","52331.51"
"101669","58582","30s","Together","52331.51"
"100411","18492","30s","Together","52331.51"
"101524","56386","30s","Together","52331.51"
"101668","21840","30s","Together","52331.51"
"100803","25130","30s","Together","52331.51"
"101701","22280","30s","Together","52331.51"
"101736","76532","30s","Together","52331.51"
"101512","19444","30s","Together","52331.51"
"100061","66653","30s","Together","52331.51"
"101895","34350","30s","Together","52331.51"
"101357","21645","30s","Together","52331.51"
"100157","55375","30s","Together","52331.51"
"101851","28587","30s","Together","52331.51"
"102025","7500","30s","Together","52331.51"
"101185","27683","30s","Together","52331.51"
"100843","61346","30s","Together","52331.51"
"100517","57954","30s","Together","52331.51"
"101363","70038","30s","Together","52331.51"
"101516","22775","30s","Together","52331.51"
"101890","42554","30s","Together","52331.51"
"100957","75437","30s","Together","52331.51"
"101656","78416","30s","Together","52331.51"
"101095","42162","30s","Together","52331.51"
"101032","26907","30s","Together","52331.51"
"100525","25315","30s","Together","52331.51"
"102035","666666","30s","Together","52331.51"
"100298","23976","30s","Together","52331.51"
"101534","157146","30s","Together","52331.51"
"100529","54058","30s","Together","52331.51"
"101254","37235","30s","Together","52331.51"
"101376","16531","30s","Together","52331.51"
"100841","21675","30s","Together","52331.51"
"100954","42021","30s","Together","52331.51"
"101201","73450","30s","Together","52331.51"
"101830","56559","30s","Together","52331.51"
"100284","32414","30s","Together","52331.51"
"101218","78687","30s","Together","52331.51"
"100839","70123","30s","Together","52331.51"
"100838","30545","30s","Together","52331.51"
"101649","60839","30s","Together","52331.51"
"100223","51369","30s","Together","52331.51"
"100078","26326","30s","Together","52331.51"
"100837","53172","30s","Together","52331.51"
"101084","85606","30s","Together","52331.51"
"100689","50272","30s","Together","52331.51"
"100599","162397","30s","Together","52331.51"
"100146","38547","30s","Together","52331.51"
"101648","36075","30s","Together","52331.51"
"100933","44010","30s","Together","52331.51"
"101774","34984","30s","Together","52331.51"
"101612","37292","30s","Together","52331.51"
"101078","46931","30s","Together","52331.51"
"100381","90300","30s","Together","52331.51"
"101587","41154","30s","Together","52331.51"
"100515","47682","30s","Widow","53391.33"
"100600","54162","30s","Widow","53391.33"
"100640","58330","30s","Widow","53391.33"
"100137","35860","40s","Alone","35860.00"
"100380","83664","40s","Divorced","51560.46"
"101529","57136","40s","Divorced","51560.46"
"100096","51813","40s","Divorced","51560.46"
"102001","40851","40s","Divorced","51560.46"
"100006","55635","40s","Divorced","51560.46"
"100138","36921","40s","Divorced","51560.46"
"101987","81380","40s","Divorced","51560.46"
"101982","65706","40s","Divorced","51560.46"
"100248","102692","40s","Divorced","51560.46"
"100257","69674","40s","Divorced","51560.46"
"100275","63841","40s","Divorced","51560.46"
"100293","57912","40s","Divorced","51560.46"
"101956","36997","40s","Divorced","51560.46"
"101954","19346","40s","Divorced","51560.46"
"100316","47025","40s","Divorced","51560.46"
"101953","29435","40s","Divorced","51560.46"
"100330","75693","40s","Divorced","51560.46"
"100340","84835","40s","Divorced","51560.46"
"100398","65808","40s","Divorced","51560.46"
"101937","25818","40s","Divorced","51560.46"
"100425","67272","40s","Divorced","51560.46"
"101925","72967","40s","Divorced","51560.46"
"100434","42618","40s","Divorced","51560.46"
"100468","37760","40s","Divorced","51560.46"
"101912","53367","40s","Divorced","51560.46"
"101899","64713","40s","Divorced","51560.46"
"100505","30630","40s","Divorced","51560.46"
"100522","76982","40s","Divorced","51560.46"
"101886","71128","40s","Divorced","51560.46"
"100580","23910","40s","Divorced","51560.46"
"100627","55282","40s","Divorced","51560.46"
"100658","68743","40s","Divorced","51560.46"
"100677","78901","40s","Divorced","51560.46"
"100681","41335","40s","Divorced","51560.46"
"100682","35682","40s","Divorced","51560.46"
"100693","58710","40s","Divorced","51560.46"
"101834","28420","40s","Divorced","51560.46"
"100707","89694","40s","Divorced","51560.46"
"100759","42564","40s","Divorced","51560.46"
"100769","60161","40s","Divorced","51560.46"
"101807","55686","40s","Divorced","51560.46"
"101801","48877","40s","Divorced","51560.46"
"100845","42835","40s","Divorced","51560.46"
"100868","54137","40s","Divorced","51560.46"
"100916","44051","40s","Divorced","51560.46"
"100924","70647","40s","Divorced","51560.46"
"100944","4861","40s","Divorced","51560.46"
"101748","29819","40s","Divorced","51560.46"
"101009","25959","40s","Divorced","51560.46"
"101740","61671","40s","Divorced","51560.46"
"101019","35860","40s","Divorced","51560.46"
"101023","64176","40s","Divorced","51560.46"
"101735","86979","40s","Divorced","51560.46"
"101073","52034","40s","Divorced","51560.46"
"101730","50616","40s","Divorced","51560.46"
"101718","26642","40s","Divorced","51560.46"
"101137","78579","40s","Divorced","51560.46"
"101705","74290","40s","Divorced","51560.46"
"101172","44421","40s","Divorced","51560.46"
"101186","1730","40s","Divorced","51560.46"
"101212","23748","40s","Divorced","51560.46"
"101219","49118","40s","Divorced","51560.46"
"101223","33986","40s","Divorced","51560.46"
"101692","27071","40s","Divorced","51560.46"
"101239","44267","40s","Divorced","51560.46"
"100056","70287","40s","Divorced","51560.46"
"101293","53034","40s","Divorced","51560.46"
"101322","39996","40s","Divorced","51560.46"
"101323","26759","40s","Divorced","51560.46"
"101674","44635","40s","Divorced","51560.46"
"101348","31163","40s","Divorced","51560.46"
"101351","70844","40s","Divorced","51560.46"
"101370","43300","40s","Divorced","51560.46"
"101635","25509","40s","Divorced","51560.46"
"101618","69901","40s","Divorced","51560.46"
"101615","58086","40s","Divorced","51560.46"
"101950","58692","40s","Married","51790.38"
"100059","55954","40s","Married","51790.38"
"100335","55212","40s","Married","51790.38"
"100115","90765","40s","Married","51790.38"
"101756","77870","40s","Married","51790.38"
"101418","73538","40s","Married","51790.38"
"101416","78931","40s","Married","51790.38"
"101414","57136","40s","Married","51790.38"
"101902","51381","40s","Married","51790.38"
"100972","38196","40s","Married","51790.38"
"100974","70924","40s","Married","51790.38"
"100976","32300","40s","Married","51790.38"
"101904","27803","40s","Married","51790.38"
"100978","34961","40s","Married","51790.38"
"101413","63206","40s","Married","51790.38"
"100823","46374","40s","Married","51790.38"
"101411","54108","40s","Married","51790.38"
"100983","56320","40s","Married","51790.38"
"101835","22979","40s","Married","51790.38"
"101996","76234","40s","Married","51790.38"
"101643","64590","40s","Married","51790.38"
"100825","38576","40s","Married","51790.38"
"101911","34109","40s","Married","51790.38"
"100790","65685","40s","Married","51790.38"
"100474","14045","40s","Married","51790.38"
"100995","37126","40s","Married","51790.38"
"101750","60491","40s","Married","51790.38"
"101399","60585","40s","Married","51790.38"
"101749","45688","40s","Married","51790.38"
"100473","60093","40s","Married","51790.38"
"101551","69016","40s","Married","51790.38"
"101003","33585","40s","Married","51790.38"
"100131","73448","40s","Married","51790.38"
"101006","44529","40s","Married","51790.38"
"100467","38961","40s","Married","51790.38"
"101388","59892","40s","Married","51790.38"
"100465","62010","40s","Married","51790.38"
"101012","42557","40s","Married","51790.38"
"101647","49094","40s","Married","51790.38"
"101385","94871","40s","Married","51790.38"
"100702","56962","40s","Married","51790.38"
"101496","60432","40s","Married","51790.38"
"101382","23162","40s","Married","51790.38"
"100147","35688","40s","Married","51790.38"
"101546","63246","40s","Married","51790.38"
"100148","49605","40s","Married","51790.38"
"100150","65747","40s","Married","51790.38"
"100793","22063","40s","Married","51790.38"
"100443","38988","40s","Married","51790.38"
"100439","56796","40s","Married","51790.38"
"101373","38410","40s","Married","51790.38"
"100432","20130","40s","Married","51790.38"
"101036","36715","40s","Married","51790.38"
"101923","78128","40s","Married","51790.38"
"101924","14188","40s","Married","51790.38"
"100427","32011","40s","Married","51790.38"
"101045","85844","40s","Married","51790.38"
"101047","57236","40s","Married","51790.38"
"101366","77343","40s","Married","51790.38"
"101824","39791","40s","Married","51790.38"
"100418","61314","40s","Married","51790.38"
"100412","82584","40s","Married","51790.38"
"100410","37401","40s","Married","51790.38"
"101810","4428","40s","Married","51790.38"
"101057","30023","40s","Married","51790.38"
"100409","49505","40s","Married","51790.38"
"101991","44325","40s","Married","51790.38"
"101060","65463","40s","Married","51790.38"
"101061","66480","40s","Married","51790.38"
"101361","78041","40s","Married","51790.38"
"100396","48006","40s","Married","51790.38"
"100652","26751","40s","Married","51790.38"
"100745","33622","40s","Married","51790.38"
"100387","43824","40s","Married","51790.38"
"100385","70777","40s","Married","51790.38"
"102036","61223","40s","Married","51790.38"
"101990","26067","40s","Married","51790.38"
"101610","42403","40s","Married","51790.38"
"100647","54690","40s","Married","51790.38"
"100646","29187","40s","Married","51790.38"
"100372","33581","40s","Married","51790.38"
"101087","36778","40s","Married","51790.38"
"100163","157243","40s","Married","51790.38"
"101729","30396","40s","Married","51790.38"
"100772","61872","40s","Married","51790.38"
"101488","53843","40s","Married","51790.38"
"101345","43269","40s","Married","51790.38"
"100740","46891","40s","Married","51790.38"
"101344","28164","40s","Married","51790.38"
"100356","51479","40s","Married","51790.38"
"101340","24639","40s","Married","51790.38"
"101109","44375","40s","Married","51790.38"
"101110","59594","40s","Married","51790.38"
"101339","36026","40s","Married","51790.38"
"101112","40344","40s","Married","51790.38"
"101113","62710","40s","Married","51790.38"
"101114","48985","40s","Married","51790.38"
"101665","79734","40s","Married","51790.38"
"100350","68462","40s","Married","51790.38"
"101989","52914","40s","Married","51790.38"
"101334","43142","40s","Married","51790.38"
"100171","50447","40s","Married","51790.38"
"100346","72099","40s","Married","51790.38"
"101329","36947","40s","Married","51790.38"
"101328","44511","40s","Married","51790.38"
"100176","38853","40s","Married","51790.38"
"100339","44300","40s","Married","51790.38"
"101527","58494","40s","Married","51790.38"
"101133","44393","40s","Married","51790.38"
"101562","42231","40s","Married","51790.38"
"101136","45894","40s","Married","51790.38"
"101324","51039","40s","Married","51790.38"
"101320","29791","40s","Married","51790.38"
"101316","53761","40s","Married","51790.38"
"101675","63967","40s","Married","51790.38"
"101141","43641","40s","Married","51790.38"
"101142","70091","40s","Married","51790.38"
"101143","78075","40s","Married","51790.38"
"101712","70886","40s","Married","51790.38"
"101312","20895","40s","Married","51790.38"
"101855","71322","40s","Married","51790.38"
"101710","69063","40s","Married","51790.38"
"100632","67445","40s","Married","51790.38"
"100331","30675","40s","Married","51790.38"
"101708","70116","40s","Married","51790.38"
"100698","72190","40s","Married","51790.38"
"100695","74806","40s","Married","51790.38"
"101157","56721","40s","Married","51790.38"
"101677","25293","40s","Married","51790.38"
"100327","35178","40s","Married","51790.38"
"100185","61286","40s","Married","51790.38"
"101163","26228","40s","Married","51790.38"
"100191","51148","40s","Married","51790.38"
"101302","56242","40s","Married","51790.38"
"101298","37971","40s","Married","51790.38"
"100205","44794","40s","Married","51790.38"
"101797","70053","40s","Married","51790.38"
"100315","34421","40s","Married","51790.38"
"100314","64795","40s","Married","51790.38"
"100310","40321","40s","Married","51790.38"
"101177","64722","40s","Married","51790.38"
"101955","35788","40s","Married","51790.38"
"100625","46463","40s","Married","51790.38"
"100308","54198","40s","Married","51790.38"
"100305","22574","40s","Married","51790.38"
"101182","59062","40s","Married","51790.38"
"101506","18793","40s","Married","51790.38"
"100209","44377","40s","Married","51790.38"
"100858","31814","40s","Married","51790.38"
"101478","61482","40s","Married","51790.38"
"101284","69139","40s","Married","51790.38"
"101191","69969","40s","Married","51790.38"
"100218","72460","40s","Married","51790.38"
"101193","77766","40s","Married","51790.38"
"101194","74716","40s","Married","51790.38"
"101195","55158","40s","Married","51790.38"
"100225","79930","40s","Married","51790.38"
"101623","41120","40s","Married","51790.38"
"100620","73691","40s","Married","51790.38"
"101698","57705","40s","Married","51790.38"
"101626","77981","40s","Married","51790.38"
"100865","37087","40s","Married","51790.38"
"100231","62745","40s","Married","51790.38"
"101266","48752","40s","Married","51790.38"
"101211","57183","40s","Married","51790.38"
"100065","25721","40s","Married","51790.38"
"101213","66303","40s","Married","51790.38"
"101584","54222","40s","Married","51790.38"
"100242","80134","40s","Married","51790.38"
"100279","30631","40s","Married","51790.38"
"101588","80398","40s","Married","51790.38"
"100071","51381","40s","Married","51790.38"
"101259","18393","40s","Married","51790.38"
"101687","80336","40s","Married","51790.38"
"100771","19329","40s","Married","51790.38"
"101838","63684","40s","Married","51790.38"
"101224","57091","40s","Married","51790.38"
"101225","46831","40s","Married","51790.38"
"101226","83151","40s","Married","51790.38"
"101227","52531","40s","Married","51790.38"
"101253","46094","40s","Married","51790.38"
"101229","43050","40s","Married","51790.38"
"100258","44159","40s","Married","51790.38"
"101243","81051","40s","Married","51790.38"
"101965","69209","40s","Married","51790.38"
"100264","72940","40s","Married","51790.38"
"100263","38097","40s","Married","51790.38"
"100261","38179","40s","Married","51790.38"
"101455","37054","40s","Married","51790.38"
"100612","69084","40s","Married","51790.38"
"101453","76800","40s","Married","51790.38"
"100880","35641","40s","Married","51790.38"
"100076","75251","40s","Married","51790.38"
"101786","83891","40s","Married","51790.38"
"100597","45837","40s","Married","51790.38"
"100595","18978","40s","Married","51790.38"
"100592","81168","40s","Married","51790.38"
"100081","26304","40s","Married","51790.38"
"100804","35441","40s","Married","51790.38"
"101486","76445","40s","Married","51790.38"
"100581","42169","40s","Married","51790.38"
"100578","59973","40s","Married","51790.38"
"100901","67536","40s","Married","51790.38"
"100082","23559","40s","Married","51790.38"
"101874","37150","40s","Married","51790.38"
"101778","25410","40s","Married","51790.38"
"100778","56850","40s","Married","51790.38"
"100565","45207","40s","Married","51790.38"
"101520","44078","40s","Married","51790.38"
"100709","67432","40s","Married","51790.38"
"100562","13260","40s","Married","51790.38"
"100561","51287","40s","Married","51790.38"
"100811","40049","40s","Married","51790.38"
"100085","36138","40s","Married","51790.38"
"100556","38443","40s","Married","51790.38"
"100555","44989","40s","Married","51790.38"
"100920","59754","40s","Married","51790.38"
"100922","59041","40s","Married","51790.38"
"101441","71969","40s","Married","51790.38"
"101637","42664","40s","Married","51790.38"
"100029","84618","40s","Married","51790.38"
"100725","80952","40s","Married","51790.38"
"101877","65308","40s","Married","51790.38"
"102031","24434","40s","Married","51790.38"
"100930","92955","40s","Married","51790.38"
"100931","33471","40s","Married","51790.38"
"100932","34596","40s","Married","51790.38"
"100087","79593","40s","Married","51790.38"
"100548","62466","40s","Married","51790.38"
"100755","30467","40s","Married","51790.38"
"101831","32644","40s","Married","51790.38"
"100093","23626","40s","Married","51790.38"
"101772","29543","40s","Married","51790.38"
"100543","15315","40s","Married","51790.38"
"101769","61917","40s","Married","51790.38"
"101768","62694","40s","Married","51790.38"
"100780","59666","40s","Married","51790.38"
"101766","70617","40s","Married","51790.38"
"100947","65352","40s","Married","51790.38"
"100949","75759","40s","Married","51790.38"
"100534","27159","40s","Married","51790.38"
"101761","70932","40s","Married","51790.38"
"100953","24884","40s","Married","51790.38"
"100533","19514","40s","Married","51790.38"
"100106","52413","40s","Married","51790.38"
"100036","67353","40s","Married","51790.38"
"100958","52845","40s","Married","51790.38"
"101423","37787","40s","Married","51790.38"
"101999","25224","40s","Married","51790.38"
"100184","32303","40s","Single","48061.40"
"101812","38236","40s","Single","48061.40"
"101544","43602","40s","Single","48061.40"
"100902","55239","40s","Single","48061.40"
"100576","69882","40s","Single","48061.40"
"101484","48432","40s","Single","48061.40"
"100423","30015","40s","Single","48061.40"
"100721","33697","40s","Single","48061.40"
"100120","32557","40s","Single","48061.40"
"101875","43020","40s","Single","48061.40"
"101159","61559","40s","Single","48061.40"
"101082","25930","40s","Single","48061.40"
"101565","58350","40s","Single","48061.40"
"101046","39190","40s","Single","48061.40"
"101342","65704","40s","Single","48061.40"
"100989","91700","40s","Single","48061.40"
"100663","86857","40s","Single","48061.40"
"101981","69263","40s","Single","48061.40"
"101368","40304","40s","Single","48061.40"
"100196","46854","40s","Single","48061.40"
"100198","75922","40s","Single","48061.40"
"100201","40637","40s","Single","48061.40"
"100376","10245","40s","Single","48061.40"
"100638","46734","40s","Single","48061.40"
"100917","42767","40s","Single","48061.40"
"100994","46423","40s","Single","48061.40"
"100313","51381","40s","Single","48061.40"
"100783","21359","40s","Single","48061.40"
"102027","57642","40s","Single","48061.40"
"101442","59235","40s","Single","48061.40"
"100748","40760","40s","Single","48061.40"
"100849","24762","40s","Single","48061.40"
"101350","34853","40s","Single","48061.40"
"101720","44503","40s","Single","48061.40"
"101290","33316","40s","Single","48061.40"
"101977","31560","40s","Single","48061.40"
"102012","35893","40s","Single","48061.40"
"101646","46904","40s","Single","48061.40"
"101002","33168","40s","Single","48061.40"
"100371","30822","40s","Single","48061.40"
"101878","76467","40s","Single","48061.40"
"100744","42720","40s","Single","48061.40"
"100469","32233","40s","Single","48061.40"
"100368","22585","40s","Single","48061.40"
"101836","33279","40s","Single","48061.40"
"101117","81657","40s","Single","48061.40"
"101601","23529","40s","Single","48061.40"
"100366","38578","40s","Single","48061.40"
"101958","65333","40s","Single","48061.40"
"100092","42394","40s","Single","48061.40"
"101624","39763","40s","Single","48061.40"
"100862","55260","40s","Single","48061.40"
"100754","20587","40s","Single","48061.40"
"100227","37070","40s","Single","48061.40"
"100463","41644","40s","Single","48061.40"
"101971","59686","40s","Single","48061.40"
"101660","7144","40s","Single","48061.40"
"101064","54466","40s","Single","48061.40"
"100397","27213","40s","Single","48061.40"
"100235","7500","40s","Single","48061.40"
"100835","43456","40s","Single","48061.40"
"101210","38808","40s","Single","48061.40"
"101741","69719","40s","Single","48061.40"
"101885","23478","40s","Single","48061.40"
"100365","63810","40s","Single","48061.40"
"101384","34704","40s","Single","48061.40"
"100238","22804","40s","Single","48061.40"
"101428","3502","40s","Single","48061.40"
"100393","42373","40s","Single","48061.40"
"100537","60504","40s","Single","48061.40"
"100142","68352","40s","Single","48061.40"
"100364","29548","40s","Single","48061.40"
"100452","66582","40s","Single","48061.40"
"100733","79146","40s","Single","48061.40"
"100668","61209","40s","Single","48061.40"
"101071","70566","40s","Single","48061.40"
"101663","63159","40s","Single","48061.40"
"100345","69759","40s","Single","48061.40"
"101424","27242","40s","Single","48061.40"
"100752","71466","40s","Single","48061.40"
"100444","89572","40s","Single","48061.40"
"100251","30899","40s","Single","48061.40"
"100516","72679","40s","Single","48061.40"
"101347","31907","40s","Single","48061.40"
"100440","36230","40s","Single","48061.40"
"100781","72504","40s","Single","48061.40"
"102005","43322","40s","Single","48061.40"
"101757","57107","40s","Single","48061.40"
"100615","83917","40s","Single","48061.40"
"100173","52074","40s","Single","48061.40"
"102033","44802","40s","Single","48061.40"
"100357","54803","40s","Single","48061.40"
"100686","55250","40s","Single","48061.40"
"100025","18589","40s","Single","48061.40"
"100877","78420","40s","Single","48061.40"
"101033","50014","40s","Single","48061.40"
"101077","86358","40s","Single","48061.40"
"100820","49166","40s","Single","48061.40"
"100603","31632","40s","Single","48061.40"
"101035","66294","40s","Single","48061.40"
"102010","57731","40s","Single","48061.40"
"101787","36065","40s","Single","48061.40"
"101755","67384","40s","Single","48061.40"
"100598","35791","40s","Single","48061.40"
"101131","26954","40s","Single","48061.40"
"100888","39858","40s","Single","48061.40"
"100596","48240","40s","Single","48061.40"
"100751","72258","40s","Single","48061.40"
"100593","26877","40s","Single","48061.40"
"101372","93790","40s","Single","48061.40"
"101483","52569","40s","Single","48061.40"
"101039","75345","40s","Single","48061.40"
"101833","24206","40s","Single","48061.40"
"101871","83273","40s","Single","48061.40"
"101731","62772","40s","Single","48061.40"
"101041","24163","40s","Single","48061.40"
"100806","49494","40s","Single","48061.40"
"100005","62513","40s","Together","52179.01"
"100712","62882","40s","Together","52179.01"
"100787","65968","40s","Together","52179.01"
"101558","38232","40s","Together","52179.01"
"100802","56575","40s","Together","52179.01"
"101841","65814","40s","Together","52179.01"
"101803","64474","40s","Together","52179.01"
"100815","81205","40s","Together","52179.01"
"100822","30843","40s","Together","52179.01"
"100666","69476","40s","Together","52179.01"
"100827","37758","40s","Together","52179.01"
"100661","65777","40s","Together","52179.01"
"100829","23228","40s","Together","52179.01"
"100830","44602","40s","Together","52179.01"
"101848","27943","40s","Together","52179.01"
"100834","57906","40s","Together","52179.01"
"100644","45068","40s","Together","52179.01"
"101850","30261","40s","Together","52179.01"
"100853","82072","40s","Together","52179.01"
"100626","105471","40s","Together","52179.01"
"100869","66825","40s","Together","52179.01"
"100870","57100","40s","Together","52179.01"
"100871","58917","40s","Together","52179.01"
"100875","47889","40s","Together","52179.01"
"100588","49618","40s","Together","52179.01"
"100895","79632","40s","Together","52179.01"
"100899","32892","40s","Together","52179.01"
"100900","71796","40s","Together","52179.01"
"100569","26850","40s","Together","52179.01"
"100566","47821","40s","Together","52179.01"
"100563","47472","40s","Together","52179.01"
"100558","64413","40s","Together","52179.01"
"100554","38200","40s","Together","52179.01"
"100926","41021","40s","Together","52179.01"
"100935","40706","40s","Together","52179.01"
"100547","71499","40s","Together","52179.01"
"100938","80573","40s","Together","52179.01"
"101888","51381","40s","Together","52179.01"
"100521","44931","40s","Together","52179.01"
"101759","34230","40s","Together","52179.01"
"100971","34053","40s","Together","52179.01"
"100975","54165","40s","Together","52179.01"
"100979","28440","40s","Together","52179.01"
"100981","33564","40s","Together","52179.01"
"100483","78642","40s","Together","52179.01"
"100988","74538","40s","Together","52179.01"
"100990","68695","40s","Together","52179.01"
"101913","22390","40s","Together","52179.01"
"101007","28764","40s","Together","52179.01"
"100456","49269","40s","Together","52179.01"
"101026","70713","40s","Together","52179.01"
"100421","67309","40s","Together","52179.01"
"101931","43018","40s","Together","52179.01"
"101933","66476","40s","Together","52179.01"
"101056","53187","40s","Together","52179.01"
"101066","71819","40s","Together","52179.01"
"101069","22634","40s","Together","52179.01"
"100392","75276","40s","Together","52179.01"
"101542","34916","40s","Together","52179.01"
"101539","50334","40s","Together","52179.01"
"100377","43795","40s","Together","52179.01"
"101086","49669","40s","Together","52179.01"
"101944","65220","40s","Together","52179.01"
"101094","21255","40s","Together","52179.01"
"101945","33590","40s","Together","52179.01"
"101102","83145","40s","Together","52179.01"
"101106","56715","40s","Together","52179.01"
"101115","35322","40s","Together","52179.01"
"101716","30538","40s","Together","52179.01"
"100337","27190","40s","Together","52179.01"
"101714","32889","40s","Together","52179.01"
"100332","83003","40s","Together","52179.01"
"101152","36317","40s","Together","52179.01"
"101155","77044","40s","Together","52179.01"
"101156","74918","40s","Together","52179.01"
"100047","41728","40s","Together","52179.01"
"101505","51717","40s","Together","52179.01"
"101179","84906","40s","Together","52179.01"
"101188","40521","40s","Together","52179.01"
"101189","20427","40s","Together","52179.01"
"100288","29672","40s","Together","52179.01"
"101199","76653","40s","Together","52179.01"
"100287","16626","40s","Together","52179.01"
"100285","38361","40s","Together","52179.01"
"101205","19656","40s","Together","52179.01"
"101960","29732","40s","Together","52179.01"
"101962","63516","40s","Together","52179.01"
"100277","65640","40s","Together","52179.01"
"101522","35924","40s","Together","52179.01"
"101694","65735","40s","Together","52179.01"
"101605","82427","40s","Together","52179.01"
"101234","57811","40s","Together","52179.01"
"100265","22070","40s","Together","52179.01"
"101237","157733","40s","Together","52179.01"
"101241","60894","40s","Together","52179.01"
"101245","59868","40s","Together","52179.01"
"101248","45143","40s","Together","52179.01"
"100250","75702","40s","Together","52179.01"
"101252","47009","40s","Together","52179.01"
"101257","77382","40s","Together","52179.01"
"100245","65176","40s","Together","52179.01"
"101685","48186","40s","Together","52179.01"
"100229","38590","40s","Together","52179.01"
"100219","77622","40s","Together","52179.01"
"100210","46014","40s","Together","52179.01"
"100066","32474","40s","Together","52179.01"
"101291","58554","40s","Together","52179.01"
"101306","57420","40s","Together","52179.01"
"101307","51381","40s","Together","52179.01"
"101314","51381","40s","Together","52179.01"
"101317","22682","40s","Together","52179.01"
"101318","38887","40s","Together","52179.01"
"101514","42731","40s","Together","52179.01"
"100169","33456","40s","Together","52179.01"
"101341","34578","40s","Together","52179.01"
"101343","54132","40s","Together","52179.01"
"100164","43482","40s","Together","52179.01"
"100008","30351","40s","Together","52179.01"
"101657","75702","40s","Together","52179.01"
"101364","69401","40s","Together","52179.01"
"101365","46053","40s","Together","52179.01"
"101369","32727","40s","Together","52179.01"
"101371","26290","40s","Together","52179.01"
"100151","46344","40s","Together","52179.01"
"101381","67419","40s","Together","52179.01"
"100134","62981","40s","Together","52179.01"
"101395","79419","40s","Together","52179.01"
"101398","49854","40s","Together","52179.01"
"101645","34600","40s","Together","52179.01"
"101406","53374","40s","Together","52179.01"
"100124","71488","40s","Together","52179.01"
"100118","21918","40s","Together","52179.01"
"100117","30753","40s","Together","52179.01"
"101426","69930","40s","Together","52179.01"
"101639","39435","40s","Together","52179.01"
"100091","51381","40s","Together","52179.01"
"100088","54178","40s","Together","52179.01"
"100002","71613","40s","Together","52179.01"
"100079","56046","40s","Together","52179.01"
"102006","55593","40s","Together","52179.01"
"100069","74854","40s","Together","52179.01"
"101582","52117","40s","Together","52179.01"
"101592","44392","40s","Together","52179.01"
"101579","9722","40s","Together","52179.01"
"101578","55012","40s","Together","52179.01"
"101476","45903","40s","Together","52179.01"
"101572","42033","40s","Together","52179.01"
"101564","56534","40s","Together","52179.01"
"100756","31590","40s","Together","52179.01"
"100728","62220","40s","Together","52179.01"
"100723","83443","40s","Together","52179.01"
"100032","40548","40s","Together","52179.01"
"100770","73926","40s","Together","52179.01"
"100354","62187","40s","Widow","51508.69"
"100454","31880","40s","Widow","51508.69"
"101678","54111","40s","Widow","51508.69"
"101510","47111","40s","Widow","51508.69"
"101138","67369","40s","Widow","51508.69"
"100236","73455","40s","Widow","51508.69"
"100650","66731","40s","Widow","51508.69"
"100859","51390","40s","Widow","51508.69"
"100300","27038","40s","Widow","51508.69"
"100282","79946","40s","Widow","51508.69"
"100038","42429","40s","Widow","51508.69"
"100874","45684","40s","Widow","51508.69"
"101951","40590","40s","Widow","51508.69"
"100526","43638","40s","Widow","51508.69"
"101713","60208","40s","Widow","51508.69"
"100341","30372","40s","Widow","51508.69"
"101988","48432","40s","YOLO","48432.00"
"101949","65487","50s","Absurd","65487.00"
"100130","61331","50s","Alone","61331.00"
"101308","46390","50s","Divorced","54175.28"
"101523","64140","50s","Divorced","54175.28"
"101076","39552","50s","Divorced","54175.28"
"101968","41713","50s","Divorced","54175.28"
"101139","58401","50s","Divorced","54175.28"
"100864","78331","50s","Divorced","54175.28"
"100391","31395","50s","Divorced","54175.28"
"100959","46086","50s","Divorced","54175.28"
"101842","71964","50s","Divorced","54175.28"
"100795","78353","50s","Divorced","54175.28"
"100329","62204","50s","Divorced","54175.28"
"100667","50611","50s","Divorced","54175.28"
"100166","52332","50s","Divorced","54175.28"
"100937","59052","50s","Divorced","54175.28"
"101719","69932","50s","Divorced","54175.28"
"100691","87305","50s","Divorced","54175.28"
"100228","81975","50s","Divorced","54175.28"
"100472","78825","50s","Divorced","54175.28"
"100549","48799","50s","Divorced","54175.28"
"101823","72968","50s","Divorced","54175.28"
"100634","49431","50s","Divorced","54175.28"
"100221","63887","50s","Divorced","54175.28"
"100923","54237","50s","Divorced","54175.28"
"100294","35246","50s","Divorced","54175.28"
"100622","62859","50s","Divorced","54175.28"
"101526","39228","50s","Divorced","54175.28"
"101049","79803","50s","Divorced","54175.28"
"101840","68805","50s","Divorced","54175.28"
"102016","45146","50s","Divorced","54175.28"
"100797","37859","50s","Divorced","54175.28"
"101447","51983","50s","Divorced","54175.28"
"100204","48721","50s","Divorced","54175.28"
"100317","64325","50s","Divorced","54175.28"
"100590","26150","50s","Divorced","54175.28"
"102017","41769","50s","Divorced","54175.28"
"101574","41437","50s","Divorced","54175.28"
"101164","77297","50s","Divorced","54175.28"
"101604","37244","50s","Divorced","54175.28"
"100616","46102","50s","Divorced","54175.28"
"100433","23295","50s","Divorced","54175.28"
"101458","27215","50s","Divorced","54175.28"
"101490","70638","50s","Divorced","54175.28"
"100986","32173","50s","Divorced","54175.28"
"100657","68118","50s","Divorced","54175.28"
"100481","59432","50s","Divorced","54175.28"
"101129","54959","50s","Divorced","54175.28"
"101024","22304","50s","Divorced","54175.28"
"101511","41003","50s","Divorced","54175.28"
"100494","61250","50s","Divorced","54175.28"
"101839","41638","50s","Divorced","54175.28"
"101378","49476","50s","Divorced","54175.28"
"100012","63033","50s","Divorced","54175.28"
"101088","85696","50s","Divorced","54175.28"
"100270","33378","50s","Divorced","54175.28"
"100700","80395","50s","Married","57212.07"
"101752","35701","50s","Married","57212.07"
"100729","58512","50s","Married","57212.07"
"101909","79823","50s","Married","57212.07"
"101997","84117","50s","Married","57212.07"
"101906","51651","50s","Married","57212.07"
"100776","48192","50s","Married","57212.07"
"100497","48920","50s","Married","57212.07"
"101559","22554","50s","Married","57212.07"
"100501","36443","50s","Married","57212.07"
"101897","71866","50s","Married","57212.07"
"100514","49154","50s","Married","57212.07"
"100108","89058","50s","Married","57212.07"
"101422","55759","50s","Married","57212.07"
"100518","65316","50s","Married","57212.07"
"100105","49096","50s","Married","57212.07"
"100538","22419","50s","Married","57212.07"
"100103","87195","50s","Married","57212.07"
"101493","54072","50s","Married","57212.07"
"102003","73803","50s","Married","57212.07"
"100939","83715","50s","Married","57212.07"
"101822","58116","50s","Married","57212.07"
"100717","82224","50s","Married","57212.07"
"100089","51381","50s","Married","57212.07"
"100763","82017","50s","Married","57212.07"
"101492","27116","50s","Married","57212.07"
"101777","34242","50s","Married","57212.07"
"101876","53154","50s","Married","57212.07"
"100084","29440","50s","Married","57212.07"
"100571","61794","50s","Married","57212.07"
"100601","30522","50s","Married","57212.07"
"100602","54456","50s","Married","57212.07"
"101632","67131","50s","Married","57212.07"
"100606","72635","50s","Married","57212.07"
"101454","63943","50s","Married","57212.07"
"100072","65031","50s","Married","57212.07"
"100785","52750","50s","Married","57212.07"
"102026","33562","50s","Married","57212.07"
"100867","81320","50s","Married","57212.07"
"101586","77520","50s","Married","57212.07"
"100262","80124","50s","Married","57212.07"
"100618","56181","50s","Married","57212.07"
"100269","29315","50s","Married","57212.07"
"101246","65695","50s","Married","57212.07"
"101627","62905","50s","Married","57212.07"
"101688","47743","50s","Married","57212.07"
"101467","75283","50s","Married","57212.07"
"100805","71391","50s","Married","57212.07"
"101228","15759","50s","Married","57212.07"
"101255","81843","50s","Married","57212.07"
"101964","49572","50s","Married","57212.07"
"100779","55267","50s","Married","57212.07"
"101220","37633","50s","Married","57212.07"
"101260","72828","50s","Married","57212.07"
"101963","42769","50s","Married","57212.07"
"100241","31686","50s","Married","57212.07"
"100240","61074","50s","Married","57212.07"
"101215","40800","50s","Married","57212.07"
"101970","58482","50s","Married","57212.07"
"100051","79143","50s","Married","57212.07"
"101267","71434","50s","Married","57212.07"
"101625","38725","50s","Married","57212.07"
"101696","4023","50s","Married","57212.07"
"101204","53378","50s","Married","57212.07"
"101684","54693","50s","Married","57212.07"
"101202","31454","50s","Married","57212.07"
"101196","62972","50s","Married","57212.07"
"101972","60896","50s","Married","57212.07"
"101279","26887","50s","Married","57212.07"
"101861","67225","50s","Married","57212.07"
"101957","23539","50s","Married","57212.07"
"100299","80950","50s","Married","57212.07"
"100302","64100","50s","Married","57212.07"
"101680","80739","50s","Married","57212.07"
"101171","38452","50s","Married","57212.07"
"101608","77437","50s","Married","57212.07"
"100319","62187","50s","Married","57212.07"
"101299","67267","50s","Married","57212.07"
"101167","75032","50s","Married","57212.07"
"101504","52973","50s","Married","57212.07"
"100187","45759","50s","Married","57212.07"
"100326","66334","50s","Married","57212.07"
"101811","32632","50s","Married","57212.07"
"101149","50965","50s","Married","57212.07"
"101147","51412","50s","Married","57212.07"
"101146","58113","50s","Married","57212.07"
"100855","42243","50s","Married","57212.07"
"100182","28249","50s","Married","57212.07"
"101481","74268","50s","Married","57212.07"
"101985","65210","50s","Married","57212.07"
"101321","63915","50s","Married","57212.07"
"101515","52854","50s","Married","57212.07"
"101325","60544","50s","Married","57212.07"
"101128","43140","50s","Married","57212.07"
"101671","50387","50s","Married","57212.07"
"100343","71113","50s","Married","57212.07"
"101122","47353","50s","Married","57212.07"
"101853","48195","50s","Married","57212.07"
"100349","50737","50s","Married","57212.07"
"101120","66726","50s","Married","57212.07"
"100353","78618","50s","Married","57212.07"
"101107","79410","50s","Married","57212.07"
"100741","62058","50s","Married","57212.07"
"101103","54197","50s","Married","57212.07"
"100358","79530","50s","Married","57212.07"
"101489","90226","50s","Married","57212.07"
"101725","72905","50s","Married","57212.07"
"101517","59821","50s","Married","57212.07"
"101089","49678","50s","Married","57212.07"
"101941","53230","50s","Married","57212.07"
"101354","42523","50s","Married","57212.07"
"101662","90369","50s","Married","57212.07"
"100643","18690","50s","Married","57212.07"
"100399","50437","50s","Married","57212.07"
"100648","59304","50s","Married","57212.07"
"101360","51876","50s","Married","57212.07"
"100402","66465","50s","Married","57212.07"
"101362","52852","50s","Married","57212.07"
"101734","44155","50s","Married","57212.07"
"100737","48726","50s","Married","57212.07"
"101992","42523","50s","Married","57212.07"
"100422","75236","50s","Married","57212.07"
"100653","81300","50s","Married","57212.07"
"101609","54984","50s","Married","57212.07"
"101817","58646","50s","Married","57212.07"
"101037","79456","50s","Married","57212.07"
"101652","28520","50s","Married","57212.07"
"100448","60597","50s","Married","57212.07"
"101021","16860","50s","Married","57212.07"
"101020","65526","50s","Married","57212.07"
"100821","82347","50s","Married","57212.07"
"101497","65526","50s","Married","57212.07"
"100141","86111","50s","Married","57212.07"
"101745","45759","50s","Married","57212.07"
"101386","65148","50s","Married","57212.07"
"100462","62503","50s","Married","57212.07"
"101547","36732","50s","Married","57212.07"
"100136","33762","50s","Married","57212.07"
"101390","57072","50s","Married","57212.07"
"100133","41551","50s","Married","57212.07"
"100132","51381","50s","Married","57212.07"
"101004","77037","50s","Married","57212.07"
"100731","38829","50s","Married","57212.07"
"101397","76998","50s","Married","57212.07"
"100672","61923","50s","Married","57212.07"
"100997","61180","50s","Married","57212.07"
"100814","82504","50s","Married","57212.07"
"101994","53233","50s","Married","57212.07"
"101995","67716","50s","Married","57212.07"
"101404","65492","50s","Married","57212.07"
"100127","51381","50s","Married","57212.07"
"100255","40737","50s","Single","56698.90"
"100043","51381","50s","Single","56698.90"
"100086","50388","50s","Single","56698.90"
"100090","51381","50s","Single","56698.90"
"100099","47823","50s","Single","56698.90"
"100100","34554","50s","Single","56698.90"
"100114","50785","50s","Single","56698.90"
"100155","49967","50s","Single","56698.90"
"100158","80317","50s","Single","56698.90"
"100159","30523","50s","Single","56698.90"
"100234","79761","50s","Single","56698.90"
"100253","45989","50s","Single","56698.90"
"100254","18701","50s","Single","56698.90"
"100000","58138","50s","Single","56698.90"
"100272","60714","50s","Single","56698.90"
"100395","55521","50s","Single","56698.90"
"100419","84865","50s","Single","56698.90"
"100435","81246","50s","Single","56698.90"
"100438","57959","50s","Single","56698.90"
"100479","58308","50s","Single","56698.90"
"100513","61839","50s","Single","56698.90"
"100535","39548","50s","Single","56698.90"
"100551","66565","50s","Single","56698.90"
"100584","30081","50s","Single","56698.90"
"100586","72906","50s","Single","56698.90"
"100614","32218","50s","Single","56698.90"
"100623","45906","50s","Single","56698.90"
"100630","98777","50s","Single","56698.90"
"100649","59247","50s","Single","56698.90"
"100675","45938","50s","Single","56698.90"
"100694","45160","50s","Single","56698.90"
"100750","51124","50s","Single","56698.90"
"100766","46524","50s","Single","56698.90"
"100767","45183","50s","Single","56698.90"
"100794","57091","50s","Single","56698.90"
"100817","55284","50s","Single","56698.90"
"100818","49980","50s","Single","56698.90"
"100840","62450","50s","Single","56698.90"
"100847","86424","50s","Single","56698.90"
"100873","86429","50s","Single","56698.90"
"100925","52597","50s","Single","56698.90"
"100967","36736","50s","Single","56698.90"
"101044","71691","50s","Single","56698.90"
"101058","76045","50s","Single","56698.90"
"101092","33419","50s","Single","56698.90"
"101104","23091","50s","Single","56698.90"
"101130","15056","50s","Single","56698.90"
"101161","34377","50s","Single","56698.90"
"101168","61284","50s","Single","56698.90"
"101183","76624","50s","Single","56698.90"
"101207","85485","50s","Single","56698.90"
"101209","64191","50s","Single","56698.90"
"101231","48918","50s","Single","56698.90"
"101247","64857","50s","Single","56698.90"
"101251","27238","50s","Single","56698.90"
"101286","69627","50s","Single","56698.90"
"101289","80695","50s","Single","56698.90"
"101296","75154","50s","Single","56698.90"
"101303","48904","50s","Single","56698.90"
"101311","51381","50s","Single","56698.90"
"101327","36864","50s","Single","56698.90"
"101346","38741","50s","Single","56698.90"
"101412","49667","50s","Single","56698.90"
"101449","30983","50s","Single","56698.90"
"101464","63972","50s","Single","56698.90"
"101507","50664","50s","Single","56698.90"
"101532","82014","50s","Single","56698.90"
"101541","50729","50s","Single","56698.90"
"101590","60230","50s","Single","56698.90"
"101606","75342","50s","Single","56698.90"
"101653","62535","50s","Single","56698.90"
"101661","18701","50s","Single","56698.90"
"101664","46757","50s","Single","56698.90"
"101762","91249","50s","Single","56698.90"
"101764","80982","50s","Single","56698.90"
"101767","64849","50s","Single","56698.90"
"101775","54998","50s","Single","56698.90"
"101792","61798","50s","Single","56698.90"
"101795","46998","50s","Single","56698.90"
"101826","94472","50s","Single","56698.90"
"101846","68281","50s","Single","56698.90"
"101883","36927","50s","Single","56698.90"
"101905","51381","50s","Single","56698.90"
"101918","54252","50s","Single","56698.90"
"101927","82332","50s","Single","56698.90"
"101936","72217","50s","Single","56698.90"
"101959","78499","50s","Single","56698.90"
"102029","57967","50s","Single","56698.90"
"100883","73113","50s","Together","55669.05"
"100613","65488","50s","Together","55669.05"
"100042","21994","50s","Together","55669.05"
"100476","78952","50s","Together","55669.05"
"101096","54450","50s","Together","55669.05"
"100471","83151","50s","Together","55669.05"
"101456","47175","50s","Together","55669.05"
"100453","75261","50s","Together","55669.05"
"101444","74881","50s","Together","55669.05"
"101017","65196","50s","Together","55669.05"
"101650","82122","50s","Together","55669.05"
"101042","84460","50s","Together","55669.05"
"101030","88347","50s","Together","55669.05"
"101029","46610","50s","Together","55669.05"
"101027","59925","50s","Together","55669.05"
"100503","71367","50s","Together","55669.05"
"100544","87771","50s","Together","55669.05"
"100564","54603","50s","Together","55669.05"
"100863","64090","50s","Together","55669.05"
"100856","51195","50s","Together","55669.05"
"100905","56067","50s","Together","55669.05"
"100929","54753","50s","Together","55669.05"
"100629","66886","50s","Together","55669.05"
"100639","56253","50s","Together","55669.05"
"100642","14661","50s","Together","55669.05"
"100068","69096","50s","Together","55669.05"
"101804","77226","50s","Together","55669.05"
"100660","38946","50s","Together","55669.05"
"100511","77863","50s","Together","55669.05"
"101375","57957","50s","Together","55669.05"
"100669","42315","50s","Together","55669.05"
"100676","78468","50s","Together","55669.05"
"100111","57288","50s","Together","55669.05"
"100572","53863","50s","Together","55669.05"
"101998","65487","50s","Together","55669.05"
"100940","82576","50s","Together","55669.05"
"100055","82384","50s","Together","55669.05"
"100758","17144","50s","Together","55669.05"
"101655","63404","50s","Together","55669.05"
"100749","74250","50s","Together","55669.05"
"100498","89120","50s","Together","55669.05"
"100746","6835","50s","Together","55669.05"
"100128","77376","50s","Together","55669.05"
"100714","34941","50s","Together","55669.05"
"100724","51518","50s","Together","55669.05"
"100031","38620","50s","Together","55669.05"
"101827","13672","50s","Together","55669.05"
"100168","26091","50s","Together","55669.05"
"101491","44512","50s","Together","55669.05"
"100172","53537","50s","Together","55669.05"
"100177","38285","50s","Together","55669.05"
"101644","71232","50s","Together","55669.05"
"101407","71706","50s","Together","55669.05"
"101417","53977","50s","Together","55669.05"
"100207","46097","50s","Together","55669.05"
"101974","47320","50s","Together","55669.05"
"100487","48330","50s","Together","55669.05"
"101431","28087","50s","Together","55669.05"
"100886","46015","50s","Together","55669.05"
"101754","92556","50s","Together","55669.05"
"101603","46910","50s","Together","55669.05"
"101672","32583","50s","Together","55669.05"
"101673","62568","50s","Together","55669.05"
"100478","76005","50s","Together","55669.05"
"101600","42586","50s","Together","55669.05"
"101310","51381","50s","Together","55669.05"
"101309","54342","50s","Together","55669.05"
"101301","50523","50s","Together","55669.05"
"100237","64961","50s","Together","55669.05"
"100249","26490","50s","Together","55669.05"
"101281","76542","50s","Together","55669.05"
"101275","50127","50s","Together","55669.05"
"101683","44911","50s","Together","55669.05"
"100252","63342","50s","Together","55669.05"
"100271","66313","50s","Together","55669.05"
"100281","50898","50s","Together","55669.05"
"101256","46692","50s","Together","55669.05"
"101249","74805","50s","Together","55669.05"
"100987","68316","50s","Together","55669.05"
"101473","34633","50s","Together","55669.05"
"101961","41275","50s","Together","55669.05"
"100993","37334","50s","Together","55669.05"
"101693","68148","50s","Together","55669.05"
"100573","24221","50s","Together","55669.05"
"102038","69245","50s","Together","55669.05"
"100295","58821","50s","Together","55669.05"
"101469","38201","50s","Together","55669.05"
"100309","28839","50s","Together","55669.05"
"101508","54414","50s","Together","55669.05"
"101433","19740","50s","Together","55669.05"
"101435","53083","50s","Together","55669.05"
"100360","72025","50s","Together","55669.05"
"101703","64260","50s","Together","55669.05"
"101178","55249","50s","Together","55669.05"
"100585","62807","50s","Together","55669.05"
"100370","66426","50s","Together","55669.05"
"101160","33629","50s","Together","55669.05"
"101154","65748","50s","Together","55669.05"
"101153","42213","50s","Together","55669.05"
"101151","40451","50s","Together","55669.05"
"101148","66636","50s","Together","55669.05"
"100609","70971","50s","Together","55669.05"
"101942","50116","50s","Together","55669.05"
"101135","31497","50s","Together","55669.05"
"100378","63381","50s","Together","55669.05"
"100394","30507","50s","Together","55669.05"
"101611","55761","50s","Together","55669.05"
"100404","75072","50s","Together","55669.05"
"101000","76081","50s","Together","55669.05"
"101581","58656","50s","Together","55669.05"
"100424","50943","50s","Together","55669.05"
"102015","14918","50s","Together","55669.05"
"101100","68142","50s","Together","55669.05"
"101597","82571","50s","Widow","57927.73"
"100570","79800","50s","Widow","57927.73"
"100879","52278","50s","Widow","57927.73"
"100095","47916","50s","Widow","57927.73"
"101798","71670","50s","Widow","57927.73"
"100798","80995","50s","Widow","57927.73"
"100773","46984","50s","Widow","57927.73"
"101533","34213","50s","Widow","57927.73"
"101882","76320","50s","Widow","57927.73"
"101166","33438","50s","Widow","57927.73"
"101144","59184","50s","Widow","57927.73"
"101724","33051","50s","Widow","57927.73"
"101928","58275","50s","Widow","57927.73"
"100450","50520","50s","Widow","57927.73"
"101450","66033","50s","Widow","57927.73"
"101440","67786","50s","Widow","57927.73"
"100050","65486","50s","Widow","57927.73"
"100960","78028","50s","Widow","57927.73"
"101901","22123","50s","Widow","57927.73"
"100951","35340","50s","Widow","57927.73"
"100943","46779","50s","Widow","57927.73"
"100531","85620","50s","Widow","57927.73"
"101722","49638","60s","Divorced","56455.88"
"100704","35946","60s","Divorced","56455.88"
"101571","62335","60s","Divorced","56455.88"
"100338","82623","60s","Divorced","56455.88"
"101952","62637","60s","Divorced","56455.88"
"100283","35416","60s","Divorced","56455.88"
"101689","57333","60s","Divorced","56455.88"
"101475","82460","60s","Divorced","56455.88"
"100224","51537","60s","Divorced","56455.88"
"101332","36957","60s","Divorced","56455.88"
"100683","43185","60s","Divorced","56455.88"
"101667","72071","60s","Divorced","56455.88"
"100206","64497","60s","Divorced","56455.88"
"101849","22263","60s","Divorced","56455.88"
"100956","64587","60s","Divorced","56455.88"
"100952","85683","60s","Divorced","56455.88"
"100197","69142","60s","Divorced","56455.88"
"101857","23272","60s","Divorced","56455.88"
"100033","46610","60s","Divorced","56455.88"
"100619","63120","60s","Divorced","56455.88"
"101607","70044","60s","Divorced","56455.88"
"100165","62551","60s","Divorced","56455.88"
"101518","50002","60s","Divorced","56455.88"
"100706","45072","60s","Divorced","56455.88"
"101400","42873","60s","Divorced","56455.88"
"102019","38054","60s","Divorced","56455.88"
"101062","76773","60s","Divorced","56455.88"
"101452","57530","60s","Divorced","56455.88"
"101742","49160","60s","Divorced","56455.88"
"101080","63998","60s","Divorced","56455.88"
"100013","59354","60s","Divorced","56455.88"
"101461","79865","60s","Divorced","56455.88"
"101123","33444","60s","Married","60385.78"
"101509","54549","60s","Married","60385.78"
"101616","81795","60s","Married","60385.78"
"101619","80360","60s","Married","60385.78"
"101466","55517","60s","Married","60385.78"
"101380","41145","60s","Married","60385.78"
"101379","50725","60s","Married","60385.78"
"101659","44689","60s","Married","60385.78"
"101356","36408","60s","Married","60385.78"
"101331","57045","60s","Married","60385.78"
"101330","67087","60s","Married","60385.78"
"101326","37716","60s","Married","60385.78"
"101313","92344","60s","Married","60385.78"
"101235","78569","60s","Married","60385.78"
"101222","26997","60s","Married","60385.78"
"101206","45579","60s","Married","60385.78"
"101192","67433","60s","Married","60385.78"
"101116","77142","60s","Married","60385.78"
"101108","57304","60s","Married","60385.78"
"101097","57744","60s","Married","60385.78"
"101081","67381","60s","Married","60385.78"
"101075","46734","60s","Married","60385.78"
"101059","50870","60s","Married","60385.78"
"101028","39722","60s","Married","60385.78"
"101016","62845","60s","Married","60385.78"
"101013","53312","60s","Married","60385.78"
"101008","69098","60s","Married","60385.78"
"100998","38998","60s","Married","60385.78"
"100996","47703","60s","Married","60385.78"
"100973","59412","60s","Married","60385.78"
"100966","65569","60s","Married","60385.78"
"100964","36930","60s","Married","60385.78"
"100034","68657","60s","Married","60385.78"
"100946","80763","60s","Married","60385.78"
"101770","67472","60s","Married","60385.78"
"100941","35704","60s","Married","60385.78"
"101773","75903","60s","Married","60385.78"
"100889","34469","60s","Married","60385.78"
"100882","62820","60s","Married","60385.78"
"102039","52869","60s","Married","60385.78"
"100023","65324","60s","Married","60385.78"
"100796","93404","60s","Married","60385.78"
"100774","34838","60s","Married","60385.78"
"100768","70421","60s","Married","60385.78"
"101816","94642","60s","Married","60385.78"
"100743","78939","60s","Married","60385.78"
"100722","63564","60s","Married","60385.78"
"100022","58607","60s","Married","60385.78"
"100708","72025","60s","Married","60385.78"
"100696","59111","60s","Married","60385.78"
"100018","76995","60s","Married","60385.78"
"101854","77027","60s","Married","60385.78"
"100587","61467","60s","Married","60385.78"
"100567","27450","60s","Married","60385.78"
"101879","81044","60s","Married","60385.78"
"101880","32871","60s","Married","60385.78"
"100539","81698","60s","Married","60385.78"
"101887","59462","60s","Married","60385.78"
"101892","42192","60s","Married","60385.78"
"101893","77610","60s","Married","60385.78"
"100508","70503","60s","Married","60385.78"
"100455","53790","60s","Married","60385.78"
"101916","48699","60s","Married","60385.78"
"100446","50300","60s","Married","60385.78"
"100437","55707","60s","Married","60385.78"
"100431","18100","60s","Married","60385.78"
"100430","56223","60s","Married","60385.78"
"101926","48150","60s","Married","60385.78"
"100414","48686","60s","Married","60385.78"
"101932","45736","60s","Married","60385.78"
"100384","51012","60s","Married","60385.78"
"101947","156924","60s","Married","60385.78"
"100322","54432","60s","Married","60385.78"
"100312","30833","60s","Married","60385.78"
"100243","75027","60s","Married","60385.78"
"100214","83790","60s","Married","60385.78"
"100195","86718","60s","Married","60385.78"
"100194","80067","60s","Married","60385.78"
"100180","66835","60s","Married","60385.78"
"101984","71965","60s","Married","60385.78"
"100175","83837","60s","Married","60385.78"
"100160","70356","60s","Married","60385.78"
"100149","59354","60s","Married","60385.78"
"100129","62998","60s","Married","60385.78"
"100126","54348","60s","Married","60385.78"
"100102","65846","60s","Married","60385.78"
"100097","78497","60s","Married","60385.78"
"102002","27469","60s","Married","60385.78"
"100074","28332","60s","Married","60385.78"
"100070","66991","60s","Married","60385.78"
"102007","50501","60s","Married","60385.78"
"100049","72550","60s","Married","60385.78"
"101561","49413","60s","Married","60385.78"
"101538","62670","60s","Married","60385.78"
"101602","71107","60s","Married","60385.78"
"101519","69755","60s","Married","60385.78"
"101790","80872","60s","Single","57835.98"
"100736","75127","60s","Single","57835.98"
"100885","74637","60s","Single","57835.98"
"100884","42607","60s","Single","57835.98"
"101613","45576","60s","Single","57835.98"
"100715","48767","60s","Single","57835.98"
"101825","91712","60s","Single","57835.98"
"100062","61823","60s","Single","57835.98"
"100617","84574","60s","Single","57835.98"
"101566","49090","60s","Single","57835.98"
"101721","60200","60s","Single","57835.98"
"100854","46231","60s","Single","57835.98"
"100921","53700","60s","Single","57835.98"
"101463","47958","60s","Single","57835.98"
"100035","49389","60s","Single","57835.98"
"101446","51411","60s","Single","57835.98"
"100965","36130","60s","Single","57835.98"
"100001","46344","60s","Single","57835.98"
"101670","72282","60s","Single","57835.98"
"100015","82800","60s","Single","57835.98"
"101867","60689","60s","Single","57835.98"
"101800","40887","60s","Single","57835.98"
"101134","62000","60s","Single","57835.98"
"101140","62307","60s","Single","57835.98"
"100230","15033","60s","Single","57835.98"
"101706","58217","60s","Single","57835.98"
"101180","44213","60s","Single","57835.98"
"101367","73892","60s","Single","57835.98"
"102004","8820","60s","Single","57835.98"
"101288","62159","60s","Single","57835.98"
"100789","22507","60s","Single","57835.98"
"100904","64831","60s","Single","57835.98"
"101014","72228","60s","Single","57835.98"
"100266","69267","60s","Single","57835.98"
"100318","40464","60s","Single","57835.98"
"100048","51381","60s","Single","57835.98"
"101203","47139","60s","Single","57835.98"
"100301","77457","60s","Single","57835.98"
"101268","90842","60s","Single","57835.98"
"100674","26518","60s","Single","57835.98"
"101744","113734","60s","Single","57835.98"
"100764","16813","60s","Single","57835.98"
"100897","64950","60s","Single","57835.98"
"101743","90933","60s","Single","57835.98"
"100713","64108","60s","Single","57835.98"
"100153","61010","60s","Together","55677.80"
"100119","56129","60s","Together","55677.80"
"100552","29298","60s","Together","55677.80"
"100550","52157","60s","Together","55677.80"
"102022","36807","60s","Together","55677.80"
"101780","28320","60s","Together","55677.80"
"100907","94384","60s","Together","55677.80"
"100017","37760","60s","Together","55677.80"
"101884","48794","60s","Together","55677.80"
"100540","43462","60s","Together","55677.80"
"101474","78093","60s","Together","55677.80"
"101537","36634","60s","Together","55677.80"
"100523","57247","60s","Together","55677.80"
"100520","47352","60s","Together","55677.80"
"101651","34074","60s","Together","55677.80"
"101896","54591","60s","Together","55677.80"
"100024","40689","60s","Together","55677.80"
"100499","44124","60s","Together","55677.80"
"100942","53103","60s","Together","55677.80"
"101903","51381","60s","Together","55677.80"
"100486","27203","60s","Together","55677.80"
"100484","67911","60s","Together","55677.80"
"100980","64504","60s","Together","55677.80"
"101726","69702","60s","Together","55677.80"
"101477","40442","60s","Together","55677.80"
"101387","39898","60s","Together","55677.80"
"100064","70666","60s","Together","55677.80"
"100009","5648","60s","Together","55677.80"
"101930","34587","60s","Together","55677.80"
"101396","64014","60s","Together","55677.80"
"101935","69805","60s","Together","55677.80"
"101127","48070","60s","Together","55677.80"
"102014","32144","60s","Together","55677.80"
"100379","38823","60s","Together","55677.80"
"100352","46681","60s","Together","55677.80"
"101636","85431","60s","Together","55677.80"
"101184","66000","60s","Together","55677.80"
"100336","59292","60s","Together","55677.80"
"101617","28389","60s","Together","55677.80"
"100289","55951","60s","Together","55677.80"
"101221","39767","60s","Together","55677.80"
"101232","60033","60s","Together","55677.80"
"101264","71604","60s","Together","55677.80"
"100280","75278","60s","Together","55677.80"
"100260","43776","60s","Together","55677.80"
"101294","52203","60s","Together","55677.80"
"100208","77972","60s","Together","55677.80"
"101338","51315","60s","Together","55677.80"
"101355","33402","60s","Together","55677.80"
"101465","75315","60s","Together","55677.80"
"101658","59385","60s","Together","55677.80"
"101359","82657","60s","Together","55677.80"
"101614","70321","60s","Together","55677.80"
"100154","69372","60s","Together","55677.80"
"100718","83844","60s","Together","55677.80"
"100710","70545","60s","Together","55677.80"
"100747","41452","60s","Together","55677.80"
"100705","53593","60s","Together","55677.80"
"100762","62847","60s","Together","55677.80"
"101471","81574","60s","Together","55677.80"
"100688","58398","60s","Together","55677.80"
"100684","66375","60s","Together","55677.80"
"100670","13084","60s","Together","55677.80"
"101549","86610","60s","Together","55677.80"
"100810","34026","60s","Together","55677.80"
"101802","74485","60s","Together","55677.80"
"100844","80812","60s","Together","55677.80"
"100637","73059","60s","Together","55677.80"
"100636","61278","60s","Together","55677.80"
"100633","50616","60s","Together","55677.80"
"101858","49912","60s","Together","55677.80"
"100624","77632","60s","Together","55677.80"
"100621","76140","60s","Together","55677.80"
"101865","60905","60s","Together","55677.80"
"100215","44551","60s","Widow","60337.46"
"101975","74859","60s","Widow","60337.46"
"101535","25358","60s","Widow","60337.46"
"101575","73705","60s","Widow","60337.46"
"100374","27421","60s","Widow","60337.46"
"100604","72298","60s","Widow","60337.46"
"100426","51529","60s","Widow","60337.46"
"101805","72643","60s","Widow","60337.46"
"101430","82032","60s","Widow","60337.46"
"100490","53653","60s","Widow","60337.46"
"101530","56551","60s","Widow","60337.46"
"101891","67046","60s","Widow","60337.46"
"101860","68117","60s","Widow","60337.46"
"101374","64866","60s","Widow","60337.46"
"101621","51569","60s","Widow","60337.46"
"101776","54356","60s","Widow","60337.46"
"101691","84953","60s","Widow","60337.46"
"100475","28457","60s","Widow","60337.46"
"101784","70792","60s","Widow","60337.46"
"100063","67680","60s","Widow","60337.46"
"101358","78427","60s","Widow","60337.46"
"100671","47570","60s","Widow","60337.46"
"101273","40049","60s","Widow","60337.46"
"100449","70165","60s","Widow","60337.46"
"101093","63285","60s","Widow","60337.46"
"101793","76842","60s","Widow","60337.46"
"100480","55614","70+","Divorced","52281.00"
"100039","48948","70+","Divorced","52281.00"
"101335","80589","70+","Married","59765.56"
"100485","65275","70+","Married","59765.56"
"101208","55956","70+","Married","59765.56"
"100351","65073","70+","Married","59765.56"
"100046","7500","70+","Married","59765.56"
"101118","14421","70+","Married","59765.56"
"100405","75865","70+","Married","59765.56"
"100413","93027","70+","Married","59765.56"
"100504","80184","70+","Married","59765.56"
"102020","80617","70+","Single","68759.43"
"101788","51141","70+","Single","68759.43"
"100775","82716","70+","Single","68759.43"
"101763","77598","70+","Single","68759.43"
"100720","71163","70+","Single","68759.43"
"101700","83257","70+","Single","68759.43"
"100673","34824","70+","Single","68759.43"
"100594","45006","70+","Widow","51300.00"
"101907","51381","70+","Widow","51300.00"
"101099","57513","70+","Widow","51300.00"